price,id,name
4.49,1,Organic Fruit Salad
5.59,2,Samoas Cookie Mix
19.99,3,Portable Air Pump
4.99,4,Pistachio Ice Cream
4.99,5,Fruit & Nut Trail Mix
10.99,6,Pork Tenderloin
14.99,7,Car Seat Organizer
5.49,8,Asian Stir-Fry Kit
2.49,9,Thai Green Curry Paste
2.99,10,Frozen Cauliflower Rice
3.29,11,Garden Vegetable Soup
14.99,12,Reusable Snack Bags
1.99,13,Coconut Cashew Yogurt
39.99,14,Floral Summer Dress
2.29,15,Caramelized Onion Dip Mix
4.99,16,Spicy Roasted Nuts
3.49,17,Maple Cinnamon Granola Bars
24.99,18,Fitness Balance Ball
3.79,19,Roasted Garlic Aioli
32.99,20,Garden Hose
12.99,21,Compact Umbrella
199.99,22,Portable Projector
3.49,23,Sweet BBQ Dipping Sauce
89.99,24,Multi-Cooker
6.99,25,Oven-Baked Chicken Tenders
19.99,26,Digital Alarm Clock
199.99,27,Smartwatch
59.99,28,Stylish Wide-Leg Trousers
49.99,29,Luxury Bath Robe
3.99,30,Black Bean Spaghetti
79.99,31,Handheld Vacuum
10.99,32,Teriyaki Chicken Wings
3.49,33,Spicy Salsa Verde
89.99,34,Leather Crossbody Bag
14.99,35,Biodegradable Dog Waste Bags
19.99,36,Children's Educational Puzzle
89.99,37,Multi-Cooker
2.49,38,Cinnamon Apple Sauce
3.79,39,Habanero Hot Sauce
99.99,40,Electric Food Slicer
24.99,41,Insulated Lunch Box
2.99,42,Banana Nut Oatmeal Cups
2.29,43,Cabbage Slaw Mix
8.99,44,Set of Herb Garden Markers
10.99,45,Dog Frisbee Toy
1.99,46,Black Olives
5.99,47,Baked Falafel Balls
19.99,48,Multi-Function Meat Tenderizer
8.99,49,Frozen Burritos
3.79,50,Pumpkin Spice Creamer
19.99,51,Wireless Induction Charger
24.99,52,Travel Mug with Leak-Proof Lid
19.99,53,Classic White T-Shirt
29.99,54,Electric Can Opener
14.99,55,Reusable Snack Bags
2.79,56,Pumpkin Seeds
99.99,57,Cat Tree
3.49,58,Chickpea Snack Mix
4.29,59,Avocado Lime Dressing
29.99,60,Compact Hair Dryer
29.99,61,LED Table Lamp
349.99,62,Inflatable Paddle Board
2.59,63,Peach Slices in Syrup
49.99,64,Car Emergency Kit
8.49,65,Avocado Oil
27.99,66,Cookbook
49.99,67,Electric Stir Fry Pan
39.99,68,Personal Blender with Travel Cup
39.99,69,Adjustable Pet Feeder
39.99,70,Wireless Game Controller
19.99,71,Wooden Kitchen Utensil Set
18.99,72,Foldable Yoga Mat Carry Bag
3.99,73,Natural Fruit Snacks
3.99,74,Fresh Strawberries
49.99,75,Car Vacuum
39.99,76,Pet Water Fountain with Filtration
24.99,77,Smartphone Projector Kit
49.99,78,Maxi Wrap Dress
39.99,79,Shoe Organizer
1.29,80,Canned Black Beans
59.99,81,Indoor Grill
2.99,82,Homestyle Chicken Noodle Soup
4.49,83,Pumpkin Waffles
3.99,84,Oven-Baked Cheese Crisps
6.29,85,Grilled Veggie Burgers
5.99,86,Mixed Berry Smoothie Pack
39.99,87,Floral Summer Dress
34.99,88,Camping Lantern
34.99,89,LED Camping Lantern with USB Charging
2.69,90,Whole Grain Hamburger Buns
5.99,91,Vegetable Quinoa Bowl
2.99,92,Mini Pretzels
89.99,93,Vacuum Sealer Machine
2.99,94,Chocolate Syrup
3.29,95,Frozen Edamame
4.99,96,Coconut Oil Spray
19.99,97,Travel Jewelry Organizer
29.99,98,Fitness Foam Roller
19.99,99,Car Windshield Sun Shade
3.99,100,Zucchini Noodles
