grade,id,address,name
9,1,"1418 Berrington Loop, North Hollywood, California, United States, 91616",Meara Hughlin
68,2,"10421 Santa Rita Way, New Orleans, Louisiana, United States, 70142",Howie Schleicher
44,3,"6757 Rutledge Street, Falls Church, Virginia, United States, 22047",Andros Hannabus
92,4,"13987 Grimball Avenue, Denver, Colorado, United States, 80255",Jason Hunday
17,5,"2640 Bureau Path, Akron, Ohio, United States, 44315",Lucienne Calf
67,6,"10199 Dundee Terrace, Boston, Massachusetts, United States, 02203",Melesa Matterface
45,7,"6929 Gillespie Lane, Arlington, Texas, United States, 76011",Nickie Fibbens
80,8,"12177 Drew Circle, Miami, Florida, United States, 33142",Connie Hellard
26,9,"4038 Cimarron Avenue, Chattanooga, Tennessee, United States, 37450",Jeniece Roaf
77,10,"11813 Westmont Place, Portland, Oregon, United States, 97201",Alayne Berndsen
72,11,"10979 Tufts Terrace, Scottsdale, Arizona, United States, 85260",Arri Hartgill
4,12,"678 Rabbit Run Path, Shawnee Mission, Kansas, United States, 66225",Nelle Dovermann
41,13,"6238 Unger Court, Memphis, Tennessee, United States, 38114",Bertie Allen
78,14,"11905 Awendaw Loop, Corpus Christi, Texas, United States, 78470",Jana Hunday
81,15,"12411 Liendo Lane, Duluth, Minnesota, United States, 55811",Danie Streeten
50,16,"7598 Jessup Street, Kalamazoo, Michigan, United States, 49048",Penelope Hurton
49,17,"7490 Mantanzas Loop, New Orleans, Louisiana, United States, 70165",Jarrett Thornthwaite
44,18,"6788 Hatfield Terrace, Murfreesboro, Tennessee, United States, 37131",Genovera Robke
79,19,"12001 Rockingham Road, Lexington, Kentucky, United States, 40546",Mellisa Rugg
42,20,"6425 Paradise Drive, Houston, Texas, United States, 77045",Hugibert Ficken
38,21,"5779 Ludwell Lane, Bronx, New York, United States, 10474",Angelina Roffey
86,22,"13073 Howard Court, Spartanburg, South Carolina, United States, 29319",Taber Dilland
62,23,"9463 Abaco Path, San Jose, California, United States, 95108",Stanislaus McFfaden
5,24,"769 Guice Avenue, New York City, New York, United States, 10155",Giacopo Adamoli
77,25,"11736 Lynchburg Loop, Pasadena, California, United States, 91131",Rocky Biesty
13,26,"2102 Vance Trail, Columbus, Ohio, United States, 43220",Teressa Bridgeland
3,27,"472 Boss Court, Miami Beach, Florida, United States, 33141",Constantin Brandolini
65,28,"9898 Hartsville Trail, Saint Petersburg, Florida, United States, 33715",Gradeigh Lyal
10,29,"1575 Horvat Lane, Albuquerque, New Mexico, United States, 87121",Corrie Adamczyk
69,30,"10481 Grant Way, Pasadena, California, United States, 91131",Broddy Samples
27,31,"4159 Shelby Street, Scottsdale, Arizona, United States, 85260",Gery Le Brun
29,32,"4489 Chimborazo Way, San Diego, California, United States, 92115",Jonas MacCurlye
59,33,"9065 Humphreys Loop, Pocatello, Idaho, United States, 83206",Vite Gatland
10,34,"1572 Matisse Avenue, Atlanta, Georgia, United States, 30316",Shandee Marling
4,35,"678 Maxwell Terrace, Colorado Springs, Colorado, United States, 80925",Ennis Ipplett
12,36,"1881 Thunderbird Way, Miami, Florida, United States, 33185",North Wyllie
36,37,"5482 Paisley Way, Jackson, Tennessee, United States, 38308",Vladamir Dwelly
74,38,"11317 Cosmos Way, Washington, District of Columbia, United States, 20036",Boyce Albinson
31,39,"4828 Oren Avenue, Louisville, Kentucky, United States, 40233",Lani Heart
16,40,"2521 Nash Loop, Houston, Texas, United States, 77260",Xena Elldred
27,41,"4104 Boardroom Trail, Topeka, Kansas, United States, 66667",Jillene Hawk
77,42,"11815 Corona Court, Washington, District of Columbia, United States, 20010",Roxanne Bambrick
19,43,"3017 Dogwood Street, Akron, Ohio, United States, 44329",Evita Epelett
43,44,"6516 Elm Street, Laurel, Maryland, United States, 20709",Gordie Stedell
87,45,"13248 Canterbury Court, Columbia, South Carolina, United States, 29240",Blinny Meffen
41,46,"6308 Monterey Lane, Brooklyn, New York, United States, 11205",Liuka Patron
19,47,"2979 Melle Place, Olympia, Washington, United States, 98506",Alano Cudbertson
67,48,"10216 Palm Crest Way, Montgomery, Alabama, United States, 36104",Yvon Crowson
47,49,"7251 Evans Prairie Trail, Montgomery, Alabama, United States, 36114",Eleonora Roskelley
77,50,"11679 Nelson Terrace, Glendale, California, United States, 91210",Pascale Shemmin
62,51,"9472 Emily Avenue, Charlotte, North Carolina, United States, 28284",Sella Philipeau
95,52,"14430 Kilt Terrace, Temple, Texas, United States, 76505",Wolfgang McArtan
1,53,"297 Mcsweeney Avenue, Corona, California, United States, 92878",Jana Cush
2,54,"314 Jeff Anderson Way, Wichita, Kansas, United States, 67205",Alie Sicily
7,55,"1086 Allende Avenue, Tulsa, Oklahoma, United States, 74108",Mirelle Roslen
55,56,"8474 Moss Creek Avenue, Galveston, Texas, United States, 77554",Dennie Camock
77,57,"11750 Ivory Lane, Baltimore, Maryland, United States, 21229",Jared Harris
90,58,"13646 Jans Terrace, New Castle, Pennsylvania, United States, 16107",Theodosia Hammand
6,59,"924 Englewood Street, Kissimmee, Florida, United States, 34745",Aleksandr Swinn
41,60,"6328 Malachite Terrace, Washington, District of Columbia, United States, 20404",Sarene Bredee
71,61,"10878 Bonham Lane, Fort Myers, Florida, United States, 33906",Adams Flippini
85,62,"12979 Maisto Place, Los Angeles, California, United States, 90005",Brianna Droogan
47,63,"7147 Corder Run, Huntsville, Alabama, United States, 35805",Rozella Muston
74,64,"11232 Noble Way, Albany, New York, United States, 12232",Augy Rablan
25,65,"3928 Fox Place, Grand Rapids, Michigan, United States, 49544",Jeana Barbour
21,66,"3249 Fortuna Terrace, Largo, Florida, United States, 34643",Billi Hussey
24,67,"3737 Circlewood Court, Burbank, California, United States, 91505",Alyce Maffin
90,68,"13782 Arango Way, Sacramento, California, United States, 94280",Wain Rookledge
10,69,"1633 Sylewood Avenue, Van Nuys, California, United States, 91406",Smith Bowerman
8,70,"1214 Limerick Lane, Springfield, Massachusetts, United States, 01114",Manolo Blanch
1,71,"206 Belhaven Loop, New Orleans, Louisiana, United States, 70165",Grannie Winship
61,72,"9386 Rose Arbor Street, Washington, District of Columbia, United States, 20005",Patrica MattiCCI
49,73,"7465 Perdue Place, Littleton, Colorado, United States, 80127",Fenelia Reskelly
26,74,"3973 Bayberry Court, Columbus, Mississippi, United States, 39705",Chris Caldera
5,75,"878 Apalachee Avenue, Washington, District of Columbia, United States, 20591",Em Stittle
11,76,"1719 Cambria Circle, Houston, Texas, United States, 77245",Amie Thwaites
15,77,"2370 Denaud Place, Bakersfield, California, United States, 93386",Agretha Tiley
46,78,"7031 Del Mar Drive, Montgomery, Alabama, United States, 36119",Libbi Ferries
44,79,"6788 Worth Circle, Worcester, Massachusetts, United States, 01610",Shawn Kennelly
19,80,"2971 Arriago Way, Knoxville, Tennessee, United States, 37919",Dix Banat
18,81,"2742 Horsford Path, New Orleans, Louisiana, United States, 70187",Hartley Fearick
54,82,"8232 Rosa Path, Charleston, West Virginia, United States, 25331",Kiel Pimblotte
22,83,"3427 Iron Wood Lane, New York City, New York, United States, 10131",Trey Gauvain
87,84,"13223 Kayla Court, Gulfport, Mississippi, United States, 39505",Gustie Holley
5,85,"834 Eagle Ridge Drive, Fargo, North Dakota, United States, 58106",Kathlin Mortell
2,86,"321 Shelton Street, Washington, District of Columbia, United States, 20099",Hyman Sinott
46,87,"7085 Snodgrass Lane, Fresno, California, United States, 93762",Lynelle Gildersleeve
78,88,"11849 Bellavista Circle, San Antonio, Texas, United States, 78265",Mathian Richemont
44,89,"6813 Ridgeville Road, Tulsa, Oklahoma, United States, 74170",Biron Thumnel
98,90,"14880 Trujillo Street, Jeffersonville, Indiana, United States, 47134",Jessamine Trank
65,91,"9883 Karin Place, North Little Rock, Arkansas, United States, 72118",Hal Tomlinson
54,92,"8238 Lilly Lane, New Orleans, Louisiana, United States, 70154",Aldric Dallmann
49,93,"7468 Evans Prairie Trail, Greenville, South Carolina, United States, 29610",Vladimir Brunstan
57,94,"8729 Fiddlewood Place, Chicago, Illinois, United States, 60652",Mortimer Pohlke
20,95,"3091 Panigoni Avenue, Stockton, California, United States, 95205",Jammie Phillis
6,96,"1005 Wilsea Place, Sarasota, Florida, United States, 34233",Olympie Avramovic
89,97,"13589 Pigeon Place, Dayton, Ohio, United States, 45408",Elwira Hannabus
72,98,"10940 Schau Street, Anchorage, Alaska, United States, 99599",Aluin Janway
40,99,"6108 Wyngate Place, Memphis, Tennessee, United States, 38119",Janelle Brace
2,100,"443 Jetta Way, Miami, Florida, United States, 33153",Carin Hanes
